brand,overall_mean_brand,reviews_count_brand
ACS- Adaptable Carbine/Storage,5.0,26
Tec Labs,5.0,25
aeroSling,5.0,23
Clenzoil,5.0,22
Cannonball,5.0,19
Stinger,5.0,17
Hunting Solutions,5.0,15
QuikVolt,5.0,15
SAN,5.0,14
Tail Wags Helmet Covers,5.0,13
Dexter,5.0,13
IMAR,5.0,13
4 Yards More,5.0,12
Molon Labe,5.0,12
Hunt Wilde,5.0,12
Maxima Fishing Line,5.0,12
Martyr Anodes,5.0,12
Undercover,5.0,11
Battle Games,5.0,11
Rusty Duck,5.0,11
Bianchi Military,5.0,11
Compositi Polymer Riding Equipment,5.0,11
Glenn&#39;s Deer Handle LLC,5.0,11
Team Express Gear,5.0,11
NILS,5.0,10
RFCO,5.0,10
Trademarx,5.0,10
Hautman Brothers,5.0,10
HK Army,5.0,10
Legend of Zelda,5.0,10
Flat Attack,5.0,9
CIRRUS Fitness,5.0,9
MHM,5.0,9
Trueflight Mfg Comp Inc,5.0,9
Northwest Territorial Mint,5.0,9
Driftmaster,5.0,9
Goodyear,5.0,9
NNG,5.0,9
Texas Recreation,5.0,9
Dog Bone,5.0,8
A. Saks,5.0,8
Hot Toys,5.0,8
Explorer Bag,5.0,8
Grippi,5.0,8
Music of the Spheres,5.0,8
Nordesco,5.0,8
Thinline,5.0,8
Steyr,5.0,8
MOEBIUS MODEL,5.0,7
NO LIMIT ARCHERY,5.0,7
Independent Trucks,5.0,7
Tightspot Quivers Inc,5.0,7
Ettore,5.0,7
Rox Speed FX,5.0,7
Next Dimension,5.0,7
Doppelganger,5.0,7
Revelate Designs,5.0,7
LA Auto Gear,5.0,7
Bull Outdoor Products,5.0,7
Federal Holsterworks,5.0,7
Cypress,5.0,7
Made in USA,5.0,7
Casa Bella by Fine Art Creations,5.0,7
Boga Grip,5.0,7
Beaver Dam,5.0,7
Muela of Spain,5.0,7
Starline Brass,5.0,7
Logo 7,5.0,6
Jackal,5.0,6
Smart Parts,5.0,6
CPR Cleaning Products,5.0,6
Silence,5.0,6
Yes4All,5.0,6
Locas,5.0,6
Mares Dacor Sporasub,5.0,6
Double Happiness DHS,5.0,6
WMD Guns,5.0,6
Canada Metals - Martyer Anodes,5.0,6
Scotch,5.0,6
Victoria Skimboards,5.0,6
EGRET,5.0,6
Biofreeze,5.0,6
GIORGIO ARMANI,5.0,6
BIC,5.0,6
Clif Bar,5.0,6
North East Sports Merchandise,5.0,6
Gift House,5.0,6
Runaway Bike,5.0,6
Dexter-Russell,5.0,6
Manna Pro,5.0,6
Specialty Archery,5.0,6
Point Pong,5.0,6
BIG JON SPORTS,5.0,6
Kizlyar,5.0,6
Pheonix USA,5.0,6
RBI,5.0,6
Caufield&#39;s 140th Kentucky Derby Glass 2014,5.0,6
Hauck / Traxx,5.0,6
Danz N Motion,5.0,6
Occidental Leather,5.0,5
